<code_scheme name="Default copy" version="173">
  <option name="WRAP_WHEN_TYPING_REACHES_RIGHT_MARGIN" value="true" />
  <option name="SOFT_MARGINS" value="100,120" />
  <HTMLCodeStyleSettings>
    <option name="HTML_ATTRIBUTE_WRAP" value="0" />
    <option name="HTML_DO_NOT_INDENT_CHILDREN_OF" value="" />
  </HTMLCodeStyleSettings>
  <JavaCodeStyleSettings>
    <option name="CLASS_COUNT_TO_USE_IMPORT_ON_DEMAND" value="999" />
    <option name="NAMES_COUNT_TO_USE_IMPORT_ON_DEMAND" value="999" />
    <option name="PACKAGES_TO_USE_IMPORT_ON_DEMAND">
      <value />
    </option>
    <option name="JD_ADD_BLANK_AFTER_RETURN" value="true" />
    <option name="JD_DO_NOT_WRAP_ONE_LINE_COMMENTS" value="true" />
    <option name="JD_PARAM_DESCRIPTION_ON_NEW_LINE" value="true" />
    <option name="JD_INDENT_ON_CONTINUATION" value="true" />
  </JavaCodeStyleSettings>
  <yaml>
    <option name="SEQUENCE_ON_NEW_LINE" value="true" />
  </yaml>
  <codeStyleSettings language="HTML">
    <option name="RIGHT_MARGIN" value="160" />
  </codeStyleSettings>
  <codeStyleSettings language="JAVA">
    <option name="RIGHT_MARGIN" value="120" />
    <option name="ALIGN_MULTILINE_PARAMETERS_IN_CALLS" value="true" />
    <option name="METHOD_PARAMETERS_WRAP" value="2" />
    <option name="WRAP_COMMENTS" value="true" />
    <option name="WRAP_ON_TYPING" value="1" />
    <indentOptions>
      <option name="USE_TAB_CHARACTER" value="true" />
    </indentOptions>
  </codeStyleSettings>
  <codeStyleSettings language="JSON">
    <indentOptions>
      <option name="INDENT_SIZE" value="4" />
      <option name="USE_TAB_CHARACTER" value="true" />
      <option name="SMART_TABS" value="true" />
    </indentOptions>
  </codeStyleSettings>
  <codeStyleSettings language="XML">
    <indentOptions>
      <option name="USE_TAB_CHARACTER" value="true" />
    </indentOptions>
  </codeStyleSettings>
</code_scheme>