<application>
  <component name="FeatureSuggesterSettings">
    <option name="workingDays">
      <list>
        <option value="1652633255467" />
        <option value="1652701640845" />
        <option value="1652804482409" />
        <option value="1652877587126" />
        <option value="1652959153182" />
        <option value="1653073115033" />
        <option value="1653234796673" />
        <option value="1653317995304" />
        <option value="1653399809160" />
        <option value="1653572904547" />
        <option value="1653657869092" />
        <option value="1653919412688" />
        <option value="1654001987757" />
        <option value="1654126438337" />
        <option value="1654218083208" />
        <option value="1654456448415" />
        <option value="1654556434155" />
        <option value="1654609966661" />
        <option value="1654739185627" />
        <option value="1655484933751" />
      </list>
    </option>
  </component>
</application>