<keymap version="1" name="Eclipse copy" parent="Eclipse">
  <action id="CloseActiveTab">
    <keyboard-shortcut first-keystroke="ctrl f4" />
  </action>
  <action id="CloseContent">
    <keyboard-shortcut first-keystroke="ctrl w" />
  </action>
  <action id="EditorCloneCaretAbove">
    <keyboard-shortcut first-keystroke="alt u" />
  </action>
  <action id="EditorCloneCaretBelow">
    <keyboard-shortcut first-keystroke="alt b" />
  </action>
  <action id="EditorDecreaseFontSize">
    <mouse-shortcut keystroke="control button142" />
  </action>
  <action id="EditorDuplicate">
    <keyboard-shortcut first-keystroke="shift ctrl l" />
  </action>
  <action id="EditorDuplicateLines" />
  <action id="EditorIncreaseFontSize">
    <mouse-shortcut keystroke="control button143" />
  </action>
  <action id="EditorResetFontSize">
    <mouse-shortcut keystroke="control button2" />
  </action>
  <action id="EditorToggleCase">
    <keyboard-shortcut first-keystroke="shift ctrl x" />
    <keyboard-shortcut first-keystroke="shift ctrl y" />
  </action>
  <action id="FileChooser.TogglePathShowing" />
  <action id="Groovy.CheckResources.Rebuild">
    <keyboard-shortcut first-keystroke="ctrl alt r" />
  </action>
  <action id="ParameterInfo">
    <keyboard-shortcut first-keystroke="ctrl p" />
  </action>
  <action id="Print" />
  <action id="ReopenClosedTab">
    <keyboard-shortcut first-keystroke="alt t" second-keystroke="t" />
  </action>
  <action id="context.load" />
  <action id="context.save" />
</keymap>